{
  "parks": [
    {
      "name": "Энергетиков",
      "polygon": [
        [30.440692, 59.964636],
        [30.440692, 59.961891],
        [30.444692, 59.961935],
        [30.444464, 59.964766]
      ],
      "tolerance_m": 3
    }
  ]
}
