{
  "parks": [
    {
      "name": "Энергетиков",
      "polygon": [
        [30.440692, 59.964636],
        [30.440692, 59.961891],
        [30.444692, 59.961935],
        [30.444464, 59.964766]
      ],
      "tolerance_m": 3
    },
    {
      "name": "Екатерининский",
      "polygon": [
        [30.437738, 59.977015],
        [30.443276, 59.976738],
        [30.443895, 59.978576],
        [30.438801, 59.979190]
      ],
      "tolerance_m": 3
    }
  ]
}
